,,,,,,,,,
"$ millions, unless otherwise indicated",2012,2013,2014,2015,2016,2017,2018,2019,2020
,,,,,,,,,
1. Summary external debt data,,,,,,,,,
External debt stocks,"338,827.30","390,350.00","406,061.70","399,948.90","409,420.90","456,562.20","445,973.30","440,773.00","435,889.40"
Long-term external debt,"236,161.80","258,409.20","269,434.10","293,333.00","306,738.00","335,173.60","327,989.00","316,189.40","295,908.40"
Public and publicly guaranteed,"100,190.40","106,279.40","105,469.50","103,282.90","107,727.50","117,842.80","121,211.30","124,922.80","132,391.70"
Public sector,"99,649.60","105,705.70","104,987.50","102,875.60","107,375.30","117,496.90","120,925.00","124,679.10","132,181.30"
General Government,"83,275.00","87,856.70","86,594.30","82,797.60","84,350.50","92,235.70","93,203.30","99,590.30","106,562.70"
Other public sector,"10,322.60","13,448.00","16,251.50","18,926.70","22,273.70","25,097.40","27,531.60","24,880.50","25,422.90"
Private sector guaranteed by public sector,540.8,573.7,482,407.4,352.2,345.9,286.3,243.7,210.4
Private nonguaranteed,"135,971.40","152,129.80","163,964.60","190,050.10","199,010.60","217,330.80","206,777.70","191,266.60","163,516.70"
Use of IMF credit,"2,510.50","1,649.80","1,552.10","1,484.60","1,440.20","1,525.70","1,490.00","1,481.50","1,543.00"
SDR allocations,"1,646.50","1,649.80","1,552.10","1,484.60","1,440.20","1,525.70","1,490.00","1,481.50","1,543.00"
Short-term external debt,"100,155.00","130,291.00","135,075.50","105,131.30","101,242.70","119,862.90","116,494.30","123,102.10","138,438.00"
Official creditors,0,0,0,0,0,0,0,0,0
Private creditors,0,0,0,0,0,0,0,0,0
Official creditors,0,0,0,0,0,0,0,0,0
Private creditors,0,0,0,0,0,0,0,0,0
External debt flows,,,,,,,,,
Disbursements,"65,307.30","77,921.60","74,896.60","37,297.00","81,760.10","88,317.80","68,568.30","58,895.00","58,060.80"
Long-term external debt,"65,307.30","77,921.60","74,896.60","37,297.00","81,760.10","88,317.80","68,568.30","58,895.00","58,060.80"
IMF purchases,0,0,0,0,0,0,0,0,0
Principal repayments,"43,329.20","47,798.50","41,473.00","41,977.70","61,603.30","69,196.80","67,974.30","69,211.80","68,665.30"
Long-term external debt,"41,325.60","46,941.00","41,473.00","41,977.70","61,603.30","69,196.80","67,974.30","69,211.80","68,665.30"
IMF repurchases,"2,003.50",857.5,0,..,..,..,..,..,..
Net flows,"40,577.10","60,259.10","38,208.10","-34,624.90","16,268.20","37,741.20","-2,774.50","-3,709.00","4,731.40"
Long-term external debt,"23,981.60","30,980.60","33,423.60","-4,680.70","20,156.80","19,121.00",594,"-10,316.80","-10,604.50"
Short-term external debt,"18,599.00","30,136.00","4,784.50","-29,944.20","-3,888.60","18,620.20","-3,368.60","6,607.80","15,335.90"
Interest payments,"13,584.00","16,038.70","16,843.80","13,857.30","14,492.20","17,426.30","16,346.00","17,730.00","18,408.50"
Long-term external debt,"8,551.30","9,371.20","9,937.00","10,194.20","10,934.00","12,098.20","11,523.40","12,620.70","12,674.50"
IMF charges,24.9,6.1,0.8,0.8,1.3,0.8,1.4,14.7,4.7
Short-term external debt,"5,007.80","6,661.40","6,906.00","3,662.30","3,557.00","5,327.30","4,821.10","5,094.60","5,729.30"
Net transfers on external debt,"26,993.10","44,220.40","21,364.30","-48,482.30","1,776.00","20,314.90","-19,120.50","-21,439.00","-13,677.10"
Total debt service paid,"56,913.10","63,837.20","58,316.80","55,835.00","76,095.50","86,623.10","84,320.20","86,941.80","87,073.90"
Long-term external debt,"49,877.00","56,312.30","51,410.00","52,171.90","72,537.20","81,295.00","79,497.70","81,832.50","81,339.90"
IMF repurchases and charges,"2,028.40",863.6,0.8,0.8,1.3,0.8,1.4,14.7,4.7
2. Other non-debt resource inflows,,,,,,,,,
Foreign direct investment,"12,764.00","12,985.00","12,692.00","15,973.00","10,848.00","10,175.00","12,144.00","10,488.00","8,803.00"
Portfolio equity,"6,276.00",842,"2,559.00","-2,395.00",823,"2,971.00","-1,131.00",406,"-4,255.00"
Grants (excluding technical coop.),606,612.7,820.4,"1,001.40","2,101.10","1,871.80","1,268.40","1,677.60",..
Memo: technical coop. grants,160.2,153.4,159.7,137.1,186.6,231.1,266.8,374.5,..
3. Major economic aggregates,,,,,,,,,
Gross National Income (GNI),"873,968.40","949,165.20","930,744.50","854,632.60","860,511.90","847,903.20","766,524.00","748,161.40","711,144.60"
"Exports of goods, services and primary income","211,278.00","231,556.00","240,493.00","214,861.00","204,335.00","227,654.00","243,667.00","251,318.00","210,618.00"
Personal transfers and compensation of employees,"1,881.00","1,901.00","1,739.00","1,395.00","1,186.00","1,048.00","1,122.00",810,795
"Imports of goods, services and primary income","260,689.00","288,689.00","280,864.00","243,566.00","232,916.00","270,989.00","266,167.00","246,828.00","245,755.00"
Primary income on FDI,"2,657.00","3,682.00","2,362.00","3,590.00","3,139.00","3,285.00","3,203.00","3,508.00","1,796.00"
Current account balance,"-47,960.00","-55,856.00","-38,851.00","-27,314.00","-27,038.00","-40,810.00","-21,744.00","5,315.00","-35,018.00"
International reserves,"99,942.60","110,926.70","106,906.40","92,920.80","90,919.20","84,115.10","72,866.80","78,532.30","49,958.30"
4. Ratios,,,,,,,,,
External debt stock to exports (%),160.4,168.6,168.8,186.1,200.4,200.6,183,175.4,207
External debt stock to GNI (%),38.8,41.1,43.6,46.8,47.6,53.8,58.2,58.9,61.3
Debt service to exports (%),26.9,27.6,24.2,26,37.2,38.1,34.6,34.6,41.3
Interest payments to exports (%),6.4,6.9,7,6.4,7.1,7.7,6.7,7.1,8.7
Interest payments to GNI (%),1.6,1.7,1.8,1.6,1.7,2.1,2.1,2.4,2.6
Short-term to external debt stocks (%),29.6,33.4,33.3,26.3,24.7,26.3,26.1,27.9,31.8
Concessional to external debt stocks (%),1.1,0.9,0.8,0.7,0.7,0.7,0.7,0.7,0.7
Multilateral to external debt stocks (%),7.2,6.9,6.4,6.3,6.3,6.2,6.3,6.1,6.4
Reserves to external debt stocks (%),29.5,28.4,26.3,23.2,22.2,18.4,16.3,17.8,11.5
Reserves to imports (months),0,0,0,0,0,0,0,0,0
5. Long-term external debt,,,,,,,,,
Debt outstanding and disbursed,"236,161.80","258,409.20","269,434.10","293,333.00","306,738.00","335,173.60","327,989.00","316,189.40","295,908.40"
Public and publicly guaranteed,"100,190.40","106,279.40","105,469.50","103,282.90","107,727.50","117,842.80","121,211.30","124,922.80","132,391.70"
Official creditors,"30,918.00","33,137.30","32,035.10","30,714.40","30,879.90","34,596.00","34,502.60","34,252.30","34,710.10"
Multilateral,"24,342.80","27,027.80","26,159.80","25,144.00","25,593.20","28,505.40","28,269.10","26,845.20","27,689.00"
Concessional,431.2,478.9,419.6,373.5,343.3,351.4,350.6,359.8,478.8
Bilateral,"6,575.20","6,109.40","5,875.30","5,570.40","5,286.70","6,090.70","6,233.50","7,407.10","7,021.10"
Concessional,"3,355.90","3,015.20","2,697.60","2,556.60","2,512.90","2,622.60","2,594.40","2,530.00","2,557.50"
Private creditors,"69,272.40","73,142.20","73,434.40","72,568.50","76,847.50","83,246.70","86,708.70","90,670.40","97,681.60"
Bonds,"52,445.70","58,426.90","62,694.10","64,242.90","67,141.00","74,435.70","77,325.70","82,204.70","88,290.50"
Commercial banks,"15,649.20","13,691.80","10,099.50","7,974.20","9,459.30","8,714.90","9,345.30","8,458.60","9,388.00"
Other private,"1,177.50","1,023.50",640.9,351.4,247.2,96.2,37.7,7.2,3.1
Public sector,"99,649.60","105,705.70","104,987.50","102,875.60","107,375.30","117,496.90","120,925.00","124,679.10","132,181.30"
Official creditors,"30,377.20","32,563.60","31,553.10","30,307.00","30,527.80","34,250.10","34,216.30","34,008.60","34,499.70"
Multilateral,"23,802.00","26,454.10","25,677.80","24,736.60","25,241.00","28,159.50","27,982.90","26,601.50","27,478.60"
Concessional,34.8,29.5,25.1,20.7,17.5,14.2,66.1,116.1,268.4
Bilateral,"6,575.20","6,109.40","5,875.30","5,570.40","5,286.70","6,090.70","6,233.50","7,407.10","7,021.10"
Concessional,"3,355.90","3,015.20","2,697.60","2,556.60","2,512.90","2,622.60","2,594.40","2,530.00","2,557.50"
Private creditors,"69,272.40","73,142.20","73,434.40","72,568.50","76,847.50","83,246.70","86,708.70","90,670.40","97,681.60"
Bonds,"52,445.70","58,426.90","62,694.10","64,242.90","67,141.00","74,435.70","77,325.70","82,204.70","88,290.50"
Commercial banks,"15,649.20","13,691.80","10,099.50","7,974.20","9,459.30","8,714.90","9,345.30","8,458.60","9,388.00"
Other private,"1,177.50","1,023.50",640.9,351.4,247.2,96.2,37.7,7.2,3.1
General Government,"83,275.00","87,856.70","86,594.30","82,797.60","84,350.50","92,235.70","93,203.30","99,590.30","106,562.70"
Official creditors,"22,317.90","23,200.90","21,615.40","20,116.60","19,689.10","21,390.60","20,820.60","19,803.90","21,068.90"
Multilateral,"16,046.60","17,664.30","16,577.50","15,539.30","15,433.90","16,951.20","16,627.80","15,781.70","16,916.20"
Concessional,34.8,29.5,25.1,20.7,17.5,14.2,66.1,116.1,268.4
Bilateral,"6,271.30","5,536.50","5,037.90","4,577.30","4,255.20","4,439.40","4,192.80","4,022.20","4,152.80"
Concessional,"3,348.70","2,998.80","2,665.90","2,506.60","2,438.20","2,481.80","2,373.20","2,265.50","2,264.90"
Private creditors,"60,957.10","64,655.80","64,978.90","62,680.90","64,661.40","70,845.00","72,382.70","79,786.50","85,493.80"
Bonds,"51,195.70","55,676.90","58,128.80","57,410.70","59,954.00","66,767.10","69,205.80","75,846.40","81,190.50"
Commercial banks,"8,807.10","8,126.70","6,319.10","4,975.60","4,494.00","4,005.70","3,150.60","3,932.80","4,300.10"
Other private,954.3,852.3,531,294.6,213.3,72.2,26.3,7.2,3.1
Other public sector,"10,322.60","13,448.00","16,251.50","18,926.70","22,273.70","25,097.40","27,531.60","24,880.50","25,422.90"
Official creditors,"8,059.30","9,362.70","9,937.70","10,190.40","10,798.70","12,704.10","13,214.00","14,004.70","13,243.30"
Multilateral,"7,755.40","8,789.80","9,100.30","9,197.30","9,767.10","11,052.90","11,173.30","10,619.80","10,375.00"
Concessional,..,..,..,..,..,..,..,..,..
Bilateral,303.9,572.9,837.3,993.1,"1,031.50","1,651.30","2,040.70","3,384.90","2,868.30"
Concessional,7.2,16.4,31.7,50,74.8,140.8,221.2,264.6,292.6
Private creditors,"2,263.30","4,085.20","6,313.80","8,736.30","11,475.00","12,393.30","14,317.60","10,875.80","12,179.60"
Bonds,"1,250.00","2,750.00","4,565.30","6,832.20","7,187.00","7,668.60","8,119.80","6,358.20","7,100.00"
Commercial banks,790.1,"1,164.00","1,638.60","1,847.30","4,254.20","4,700.80","6,186.30","4,517.50","5,079.60"
Other private,223.1,171.2,109.9,56.8,33.8,24,11.5,0,..
Private sector guaranteed by public sector,540.8,573.7,482,407.4,352.2,345.9,286.3,243.7,210.4
Official creditors,540.8,573.7,482,407.4,352.2,345.9,286.3,243.7,210.4
Multilateral,540.8,573.7,482,407.4,352.2,345.9,286.3,243.7,210.4
Concessional,396.4,449.4,394.5,352.8,325.7,337.2,284.5,243.7,210.4
Bilateral,..,..,..,..,..,..,..,..,..
Concessional,..,..,..,..,..,..,..,..,..
Private creditors,..,..,..,..,..,..,..,..,..
Bonds,..,..,..,..,..,..,..,..,..
Commercial banks,..,..,..,..,..,..,..,..,..
Other private,..,..,..,..,..,..,..,..,..
Private nonguaranteed,"135,971.40","152,129.80","163,964.60","190,050.10","199,010.60","217,330.80","206,777.70","191,266.60","163,516.70"
Bonds,"12,578.70","20,885.00","29,836.50","29,666.00","34,474.70","41,601.90","38,894.20","38,373.20","37,130.60"
Commercial banks and other,"123,392.70","131,244.80","134,128.10","160,384.10","164,535.90","175,728.90","167,883.60","152,893.50","126,386.20"
Memo:,,,,,,,,,
IBRD,"13,152.20","14,014.00","12,906.50","11,713.60","10,845.40","12,028.20","11,676.70","11,356.80","11,922.20"
IDA,30,25.1,20.7,17.2,14.2,11.2,8.2,5.7,3.1
Disbursements,"65,307.30","77,921.60","74,896.60","37,297.00","81,760.10","88,317.80","68,568.30","58,895.00","58,060.80"
Public and publicly guaranteed,"13,197.30","12,593.10","14,068.40","9,067.20","14,324.20","17,578.60","15,843.80","17,226.00","16,391.90"
Official creditors,"3,710.60","3,793.50","4,122.40","2,797.60","3,258.40","4,103.70","3,406.10","3,021.80","3,311.90"
Multilateral,"3,389.30","3,186.50","3,209.60","2,408.00","3,010.80","3,140.40","2,650.60","1,300.30","1,600.90"
Concessional,171.9,35.3,0.6,0,0.4,0,57.2,53.9,135.2
Bilateral,321.2,607,912.8,389.6,247.6,963.3,755.5,"1,721.50","1,711.10"
Concessional,232.4,142.5,174.8,75.8,90.3,145.8,124.9,76.3,46.7
Private creditors,"9,486.70","8,799.60","9,946.00","6,269.70","11,065.80","13,474.90","12,437.60","14,204.20","13,079.90"
Bonds,"7,927.20","7,613.30","9,043.60","5,249.80","7,498.40","11,272.70","8,234.00","11,649.50","10,769.70"
Commercial banks,"1,525.50","1,147.80",902.4,"1,019.90","3,567.50","2,202.20","4,203.70","2,554.70","2,310.30"
Other private,34,38.5,0,0,0,0,0,0,0
Public sector,"13,025.30","12,557.70","14,068.40","9,067.20","14,324.20","17,578.60","15,843.80","17,226.00","16,391.90"
Official creditors,"3,538.70","3,758.20","4,122.40","2,797.60","3,258.40","4,103.70","3,406.10","3,021.80","3,311.90"
Multilateral,"3,217.40","3,151.20","3,209.60","2,408.00","3,010.80","3,140.40","2,650.60","1,300.30","1,600.90"
Concessional,0,0,0.6,0,0.4,0,57.2,53.9,135.2
Bilateral,321.2,607,912.8,389.6,247.6,963.3,755.5,"1,721.50","1,711.10"
Concessional,232.4,142.5,174.8,75.8,90.3,145.8,124.9,76.3,46.7
Private creditors,"9,486.70","8,799.60","9,946.00","6,269.70","11,065.80","13,474.90","12,437.60","14,204.20","13,079.90"
Bonds,"7,927.20","7,613.30","9,043.60","5,249.80","7,498.40","11,272.70","8,234.00","11,649.50","10,769.70"
Commercial banks,"1,525.50","1,147.80",902.4,"1,019.90","3,567.50","2,202.20","4,203.70","2,554.70","2,310.30"
Other private,34,38.5,0,0,0,0,0,0,0
General Government,"9,976.30","9,037.10","9,600.50","4,750.60","7,142.30","12,045.70","9,466.80","13,422.70","10,821.40"
Official creditors,"1,877.70","2,257.20","2,062.60","1,278.60","1,203.60","1,886.80","1,302.10",772,"1,050.20"
Multilateral,"1,617.30","1,935.50","1,535.00","1,159.70","1,088.00","1,530.70","1,109.20",574.2,772.9
Concessional,0,0,0.6,0,0.4,0,57.2,53.9,135.2
Bilateral,260.4,321.7,527.7,118.9,115.6,356.1,192.9,197.8,277.3
Concessional,232.1,128.2,153,57,65.3,82,40.6,30,26.8
Private creditors,"8,098.60","6,779.90","7,537.90","3,472.00","5,938.60","10,158.90","8,164.70","12,650.70","9,771.20"
Bonds,"7,157.90","6,113.30","7,234.20","2,980.00","5,501.60","9,664.70","7,734.00","11,149.50","9,269.70"
Commercial banks,906.7,628.2,303.6,491.9,437,494.2,430.8,"1,501.10",501.5
Other private,34,38.5,0,0,0,0,0,0,0
Other public sector,"3,049.00","3,520.60","4,467.90","4,316.70","7,142.00","5,417.60","6,350.60","3,785.00","5,570.40"
Official creditors,"1,660.90","1,501.00","2,059.80","1,519.00","2,014.80","2,101.60","2,077.70","2,231.50","2,261.70"
Multilateral,"1,600.10","1,215.70","1,674.70","1,248.20","1,882.70","1,494.30","1,515.10",707.8,827.9
Concessional,0,0,0,0,0,0,0,0,0
Bilateral,60.8,285.3,385.2,270.7,132,607.2,562.6,"1,523.70","1,433.80"
Concessional,0.3,14.3,21.8,18.8,25,63.9,84.3,46.3,20
Private creditors,"1,388.10","2,019.60","2,408.10","2,797.70","5,127.20","3,316.00","4,272.90","1,553.50","3,308.80"
Bonds,769.3,"1,500.00","1,809.40","2,269.80","1,996.70","1,608.00",500,500,"1,500.00"
Commercial banks,618.8,519.6,598.7,527.9,"3,130.50","1,708.00","3,772.90","1,053.50","1,808.80"
Other private,0,0,0,0,0,0,0,0,0
Private sector guaranteed by public sector,171.9,35.3,0,0,0,0,0,0,0
Official creditors,171.9,35.3,0,0,0,0,0,0,0
Multilateral,171.9,35.3,0,0,0,0,0,0,0
Concessional,171.9,35.3,0,0,0,0,0,0,0
Bilateral,0,0,0,0,0,0,0,0,0
Concessional,0,0,0,0,0,0,0,0,0
Private creditors,0,0,0,0,0,0,0,0,0
Bonds,0,0,0,0,0,0,0,0,0
Commercial banks,0,0,0,0,0,0,0,0,0
Other private,0,0,0,0,0,0,0,0,0
Private nonguaranteed,"52,110.00","65,328.50","60,828.10","28,229.80","67,435.90","70,739.20","52,724.50","41,669.00","41,669.00"
Bonds,"6,965.00","8,634.50","8,049.10","2,910.30","3,253.30","7,029.50","3,055.00","3,100.00","2,400.00"
Commercial banks and other,"45,145.00","56,694.00","52,779.00","25,319.50","64,182.60","63,709.70","49,669.50","38,569.00","39,269.00"
Memo:,,,,,,,,,
IBRD,"1,513.70","1,253.70",859.4,489.4,537.8,"1,340.50",632.4,375.2,534.5
IDA,0,0,0,0,0,0,0,0,0
Principal repayment,"41,325.60","46,941.00","41,473.00","41,977.70","61,603.30","69,196.80","67,974.30","69,211.80","68,665.30"
Public and publicly guaranteed,"5,690.60","5,095.00","7,136.00","6,531.80","8,437.30","11,338.60","10,822.40","12,898.60","12,362.20"
Official creditors,"1,760.90","1,808.00","2,099.10","1,893.20","2,493.00","3,178.60","2,465.10","2,874.10","4,819.90"
Multilateral,"1,235.20","1,312.90","1,597.60","1,413.00","1,931.30","2,679.20","1,905.40","2,324.70","2,423.70"
Concessional,6.3,6.5,5.9,5.2,20.2,35,42.1,38.3,54.9
Bilateral,525.7,495.1,501.5,480.2,561.7,499.4,559.7,549.4,"2,396.20"
Concessional,115.8,112.7,122.6,145.1,177.1,167,168.8,164.5,158.5
Private creditors,"3,929.70","3,287.00","5,036.90","4,638.60","5,944.40","8,160.00","8,357.30","10,024.60","7,542.30"
Bonds,"2,274.40","1,500.00","3,079.00","2,750.00","4,466.90","5,095.50","5,044.90","6,659.60","5,603.40"
Commercial banks,"1,472.60","1,581.90","1,602.60","1,616.80","1,374.40","2,906.40","3,255.50","3,334.90","1,934.50"
Other private,182.7,205.1,355.4,271.7,103,158.1,56.9,30,4.4
Public sector,"5,676.70","5,070.00","7,105.70","6,502.90","8,392.80","11,288.10","10,777.00","12,861.60","12,310.30"
Official creditors,"1,746.90","1,783.00","2,068.80","1,864.30","2,448.40","3,128.10","2,419.70","2,837.00","4,768.00"
Multilateral,"1,221.20","1,287.90","1,567.30","1,384.20","1,886.70","2,628.70","1,860.00","2,287.60","2,371.80"
Concessional,6.3,5.3,4.8,4.2,3.5,3.5,3.5,3,3
Bilateral,525.7,495.1,501.5,480.2,561.7,499.4,559.7,549.4,"2,396.20"
Concessional,115.8,112.7,122.6,145.1,177.1,167,168.8,164.5,158.5
Private creditors,"3,929.70","3,287.00","5,036.90","4,638.60","5,944.40","8,160.00","8,357.30","10,024.60","7,542.30"
Bonds,"2,274.40","1,500.00","3,079.00","2,750.00","4,466.90","5,095.50","5,044.90","6,659.60","5,603.40"
Commercial banks,"1,472.60","1,581.90","1,602.60","1,616.80","1,374.40","2,906.40","3,255.50","3,334.90","1,934.50"
Other private,182.7,205.1,355.4,271.7,103,158.1,56.9,30,4.4
General Government,"5,214.60","4,518.70","6,326.60","5,674.90","5,010.00","7,594.90","7,387.00","6,614.00","6,631.70"
Official creditors,"1,391.50","1,352.70","1,383.30","1,256.10","1,274.10","2,132.30","1,195.30","1,524.90","1,284.10"
Multilateral,891.5,888,927.1,826,782,"1,721.20",777.6,"1,148.60",898.7
Concessional,6.3,5.3,4.8,4.2,3.5,3.5,3.5,3,3
Bilateral,500.1,464.7,456.2,430.1,492.1,411.1,417.7,376.3,385.4
Concessional,111.6,108.2,120.8,144.5,177.1,167,162.5,158.2,152.1
Private creditors,"3,823.10","3,166.00","4,943.20","4,418.80","3,735.90","5,462.60","6,191.70","5,089.10","5,347.60"
Bonds,"2,274.40","1,500.00","3,079.00","2,750.00","2,830.00","3,944.60","5,000.00","4,399.50","4,845.00"
Commercial banks,"1,409.00","1,518.30","1,559.30","1,443.10",824.9,"1,373.40","1,146.60",670.8,498.2
Other private,139.7,147.7,305,225.8,80.9,144.6,45.1,18.8,4.4
Other public sector,462.1,551.4,779.1,828,"3,382.80","3,693.20","3,390.00","6,247.60","5,666.00"
Official creditors,355.4,430.3,685.4,608.3,"1,174.30",995.8,"1,224.30","1,312.10","3,471.30"
Multilateral,329.7,400,640.2,558.2,"1,104.70",907.5,"1,082.40","1,139.10","1,460.60"
Concessional,..,..,..,..,..,..,..,..,..
Bilateral,25.7,30.4,45.3,50.1,69.6,88.3,142,173.1,"2,010.80"
Concessional,4.3,4.5,1.8,0.6,0,0,6.3,6.3,6.4
Private creditors,106.6,121,93.7,219.7,"2,208.50","2,697.40","2,165.60","4,935.40","2,194.70"
Bonds,0,0,0,0,"1,636.90","1,150.90",44.9,"2,260.10",758.4
Commercial banks,63.6,63.7,43.3,173.8,549.5,"1,533.00","2,108.90","2,664.10","1,436.20"
Other private,43.1,57.3,50.4,46,22.1,13.5,11.8,11.2,..
Private sector guaranteed by public sector,14,25,30.3,28.9,44.5,50.6,45.4,37.1,51.9
Official creditors,14,25,30.3,28.9,44.5,50.6,45.4,37.1,51.9
Multilateral,14,25,30.3,28.9,44.5,50.6,45.4,37.1,51.9
Concessional,..,1.2,1.2,1,16.7,31.5,38.6,35.3,51.9
Bilateral,..,..,..,..,..,..,..,..,..
Concessional,..,..,..,..,..,..,..,..,..
Private creditors,..,..,..,..,..,..,..,..,..
Bonds,..,..,..,..,..,..,..,..,..
Commercial banks,..,..,..,..,..,..,..,..,..
Other private,..,..,..,..,..,..,..,..,..
Private nonguaranteed,"35,635.00","41,846.00","34,337.00","35,445.90","53,166.00","57,858.10","57,151.90","56,313.20","56,303.20"
Bonds,404,"1,965.00",915,"2,393.50","1,977.90","3,740.40","4,491.30","4,987.70","6,987.00"
Commercial banks,"35,231.00","39,881.00","33,422.00","33,052.40","51,188.00","54,117.80","52,660.60","51,325.40","49,316.10"
Memo:,,,,,,,,,
IBRD,749,797.5,828.9,751.3,"1,178.80","1,152.40",624.3,544.4,631
IDA,5.9,4.9,4.4,3.5,3,3,3,2.6,2.6
Net flows on debt,"23,981.60","30,980.60","33,423.60","-4,680.70","20,156.80","19,121.00",594,"-10,316.80","-10,604.50"
Public and publicly guaranteed,"7,506.60","7,498.10","6,932.50","2,535.40","5,886.90","6,240.00","5,021.40","4,327.40","4,029.70"
Official creditors,"1,949.70","1,985.50","2,023.40",904.3,765.4,925,941,147.8,"-1,508.00"
Multilateral,"2,154.20","1,873.60","1,612.00",994.9,"1,079.50",461.2,745.2,"-1,024.40",-822.8
Concessional,165.7,28.9,-5.4,-5.2,-19.8,-35,15.1,15.6,80.2
Bilateral,-204.5,111.9,411.4,-90.6,-314.1,463.9,195.8,"1,172.10",-685.1
Concessional,116.5,29.8,52.1,-69.3,-86.8,-21.2,-43.9,-88.2,-111.8
Private creditors,"5,557.00","5,512.60","4,909.10","1,631.10","5,121.50","5,314.90","4,080.30","4,179.70","5,537.70"
Bonds,"5,652.80","6,113.30","5,964.60","2,499.80","3,031.40","6,177.30","3,189.10","4,989.90","5,166.20"
Commercial banks,52.8,-434.2,-700.2,-597,"2,193.10",-704.2,948.2,-780.3,375.8
Other private creditors,-148.7,-166.5,-355.4,-271.7,-103,-158.1,-56.9,-30,-4.4
Public sector,"7,348.70","7,487.70","6,962.70","2,564.30","5,931.40","6,290.50","5,066.80","4,364.50","4,081.60"
Official creditors,"1,791.70","1,975.10","2,053.70",933.2,810,975.6,986.5,184.8,"-1,456.10"
Multilateral,"1,996.20","1,863.30","1,642.30","1,023.80","1,124.10",511.7,790.6,-987.3,-770.9
Concessional,-6.3,-5.3,-4.2,-4.2,-3.1,-3.5,53.7,50.9,132.2
Bilateral,-204.5,111.9,411.4,-90.6,-314.1,463.9,195.8,"1,172.10",-685.1
Concessional,116.5,29.8,52.1,-69.3,-86.8,-21.2,-43.9,-88.2,-111.8
Private creditors,"5,557.00","5,512.60","4,909.10","1,631.10","5,121.50","5,314.90","4,080.30","4,179.70","5,537.70"
Bonds,"5,652.80","6,113.30","5,964.60","2,499.80","3,031.40","6,177.30","3,189.10","4,989.90","5,166.20"
Commercial banks,52.8,-434.2,-700.2,-597,"2,193.10",-704.2,948.2,-780.3,375.8
Other private,-148.7,-166.5,-355.4,-271.7,-103,-158.1,-56.9,-30,-4.4
General Government,"4,761.70","4,518.40","3,274.00",-924.3,"2,132.30","4,450.80","2,079.80","6,808.70","4,189.70"
Official creditors,486.2,904.5,679.3,22.5,-70.5,-245.5,106.8,-752.8,-233.9
Multilateral,725.8,"1,047.50",607.9,333.8,306,-190.5,331.5,-574.3,-125.8
Concessional,-6.3,-5.3,-4.2,-4.2,-3.1,-3.5,53.7,50.9,132.2
Bilateral,-239.6,-143,71.5,-311.3,-376.5,-55.1,-224.8,-178.5,-108.1
Concessional,120.5,20,32.2,-87.5,-111.8,-85,-122,-128.2,-125.4
Private creditors,"4,275.50","3,614.00","2,594.60",-946.9,"2,202.80","4,696.30","1,973.10","7,561.50","4,423.60"
Bonds,"4,883.50","4,613.30","4,155.20",230,"2,671.60","5,720.10","2,734.00","6,750.00","4,424.70"
Commercial banks,-502.4,-890.1,"-1,255.60",-951.1,-387.9,-879.2,-715.8,830.3,3.3
Other private,-105.6,-109.2,-305,-225.8,-80.9,-144.6,-45.1,-18.8,-4.4
Other public sector,"2,587.00","2,969.20","3,688.80","3,488.70","3,759.20","1,724.40","2,960.60","-2,462.50",-95.6
Official creditors,"1,305.50","1,070.60","1,374.40",910.7,840.5,"1,105.80",853.3,919.4,"-1,209.70"
Multilateral,"1,270.40",815.7,"1,034.50",690,778.1,586.8,432.7,-431.3,-632.6
Concessional,..,..,..,..,..,..,..,..,..
Bilateral,35.1,254.9,339.9,220.7,62.4,518.9,420.6,"1,350.70",-577
Concessional,-4,9.8,20,18.1,25,63.9,78.1,40,13.6
Private creditors,"1,281.50","1,898.60","2,314.40","2,578.00","2,918.70",618.6,"2,107.30","-3,381.90","1,114.10"
Bonds,769.3,"1,500.00","1,809.40","2,269.80",359.8,457.1,455.1,"-1,760.10",741.6
Commercial banks,555.2,455.9,555.4,354.2,"2,581.00",175,"1,664.00","-1,610.60",372.5
Other private,-43.1,-57.4,-50.4,-46,-22.1,-13.5,-11.8,-11.2,..
Private sector guaranteed by public sector,158,10.4,-30.3,-28.9,-44.5,-50.6,-45.4,-37.1,-51.9
Official creditors,158,10.4,-30.3,-28.9,-44.5,-50.6,-45.4,-37.1,-51.9
Multilateral,158,10.4,-30.3,-28.9,-44.5,-50.6,-45.4,-37.1,-51.9
Concessional,171.9,34.2,-1.2,-1,-16.7,-31.5,-38.6,-35.3,-51.9
Bilateral,..,..,..,..,..,..,..,..,..
Concessional,..,..,..,..,..,..,..,..,..
Private creditors,..,..,..,..,..,..,..,..,..
Bonds,..,..,..,..,..,..,..,..,..
Commercial banks,..,..,..,..,..,..,..,..,..
Other private,..,..,..,..,..,..,..,..,..
Private nonguaranteed,"16,475.00","23,482.50","26,491.10","-7,216.20","14,269.90","12,881.00","-4,427.30","-14,644.20","-14,634.20"
Bonds,"6,561.00","6,669.50","7,134.10",516.8,"1,275.40","3,289.10","-1,436.30","-1,887.70","-4,587.00"
Commercial banks and other,"9,914.00","16,813.00","19,357.00","-7,732.90","12,994.60","9,591.90","-2,991.10","-12,756.50","-10,047.10"
Memo:,,,,,,,,,
IBRD,764.6,456.2,30.5,-261.9,-641,188.2,8.1,-169.2,-96.5
IDA,-5.9,-4.9,-4.4,-3.5,-3,-3,-3,-2.6,-2.6
Interest payments,"8,551.30","9,371.20","9,937.00","10,194.20","10,934.00","12,098.20","11,523.40","12,620.70","12,674.50"
Public and publicly guaranteed,"4,762.50","4,533.90","4,611.30","4,396.30","4,498.90","4,875.10","4,876.40","5,491.80","5,650.60"
Official creditors,628.4,565.8,585.1,497.8,517.5,548.9,605.3,698.4,662.4
Multilateral,510,470.4,489.5,409.3,425.3,459.9,498.3,551.8,487
Concessional,6.2,5.6,4.5,3.7,3.5,3.8,4.1,3.8,2.6
Bilateral,118.3,95.4,95.6,88.5,92.2,89,107,146.6,175.4
Concessional,30.7,28.3,27.1,23.1,23.5,22,21.6,20.6,19.9
Private creditors,"4,134.10","3,968.10","4,026.20","3,898.50","3,981.40","4,326.20","4,271.10","4,793.40","4,988.20"
Bonds,"3,506.70","3,442.60","3,640.80","3,641.10","3,755.20","4,098.90","4,063.80","4,507.40","4,767.60"
Commercial banks,586.3,492.6,360.2,245.3,219.7,223.6,205.9,285.7,220.6
Other private,41.1,32.9,25.2,12.1,6.5,3.7,1.3,0.4,0
Public sector,"4,754.40","4,527.50","4,606.20","4,392.30","4,495.20","4,871.30","4,872.40","5,488.10","5,648.10"
Official creditors,620.3,559.4,580,493.8,513.7,545.1,601.3,694.7,659.9
Multilateral,501.9,464,484.3,405.3,421.6,456.1,494.2,548.1,484.5
Concessional,0.3,0.2,0.2,0.1,0.1,0.1,0.1,0.1,0
Bilateral,118.3,95.4,95.6,88.5,92.2,89,107,146.6,175.4
Concessional,30.7,28.3,27.1,23.1,23.5,22,21.6,20.6,19.9
Private creditors,"4,134.10","3,968.10","4,026.20","3,898.50","3,981.40","4,326.20","4,271.10","4,793.40","4,988.20"
Bonds,"3,506.70","3,442.60","3,640.80","3,641.10","3,755.20","4,098.90","4,063.80","4,507.40","4,767.60"
Commercial banks,586.3,492.6,360.2,245.3,219.7,223.6,205.9,285.7,220.6
Other private,41.1,32.9,25.2,12.1,6.5,3.7,1.3,0.4,0
General Government,"4,240.90","4,006.20","4,143.40","3,963.00","4,000.60","4,283.70","4,289.80","4,578.80","4,880.80"
Official creditors,493,440.1,443.2,377.2,366.5,365.6,348.3,350.9,337.2
Multilateral,380.1,350.3,361.7,305.8,297.7,303.6,287.8,295.9,282.9
Concessional,0.3,0.2,0.2,0.1,0.1,0.1,0.1,0.1,0
Bilateral,112.9,89.8,81.5,71.4,68.8,62,60.5,55,54.4
Concessional,30.5,28.2,27,22.8,22.8,21.1,20.5,19.1,18.3
Private creditors,"3,747.90","3,566.00","3,700.20","3,585.80","3,634.10","3,918.10","3,941.50","4,227.90","4,543.60"
Bonds,"3,464.20","3,320.60","3,492.30","3,443.90","3,509.90","3,791.50","3,833.30","4,132.30","4,432.50"
Commercial banks,253.6,220.6,188,132.4,118.2,123,106.9,95.3,111.1
Other private,30.1,24.9,19.9,9.5,6,3.6,1.3,0.3,0
Other public sector,210.9,296.3,353.3,370.1,456.8,585.8,577.6,901.8,762.1
Official creditors,127.3,119.3,136.8,116.6,146.1,178.1,248.3,336.7,318
Multilateral,121.9,113.7,122.7,99.5,122.8,151.1,201.8,245.1,196.9
Concessional,..,..,..,..,..,..,..,..,..
Bilateral,5.4,5.5,14.1,17.1,23.3,27,46.5,91.6,121
Concessional,0.2,0.1,0.1,0.4,0.7,0.9,1.1,1.4,1.5
Private creditors,83.6,177.1,216.5,253.5,310.7,407.7,329.2,565.1,444.1
Bonds,42.5,122,148.4,197.2,245.3,307.4,230.6,375.1,335.1
Commercial banks,30.1,47,62.7,53.7,64.9,100.2,98.6,190,109
Other private,11,8,5.3,2.6,0.5,0.1,0.1,0,..
Private sector guaranteed by public sector,8.1,6.4,5.2,4,3.7,3.8,4.1,3.8,2.5
Official creditors,8.1,6.4,5.2,4,3.7,3.8,4.1,3.8,2.5
Multilateral,8.1,6.4,5.2,4,3.7,3.8,4.1,3.8,2.5
Concessional,5.9,5.4,4.4,3.5,3.4,3.7,4,3.7,2.5
Bilateral,..,..,..,..,..,..,..,..,..
Concessional,..,..,..,..,..,..,..,..,..
Private creditors,..,..,..,..,..,..,..,..,..
Bonds,..,..,..,..,..,..,..,..,..
Commercial banks,..,..,..,..,..,..,..,..,..
Other private,..,..,..,..,..,..,..,..,..
Private nonguaranteed,"3,788.90","4,837.30","5,325.70","5,798.00","6,435.10","7,223.20","6,646.90","7,128.90","7,024.00"
Bonds,265.9,813.3,"1,158.70","1,469.20","1,468.90","1,723.40","1,853.30","1,930.40","1,996.00"
Commercial banks and other,"3,523.00","4,024.00","4,167.00","4,328.80","4,966.20","5,499.80","4,793.60","5,198.50","5,028.00"
Memo:,,,,,,,,,
IBRD,220,149.3,140.9,109,104.2,113.8,132.4,169.2,129.1
IDA,0.3,0.2,0.2,0.1,0.1,0.1,0.1,0.1,0
Net transfers on debt,"15,430.30","21,609.30","23,486.60","-14,875.00","9,222.90","7,022.80","-10,929.30","-22,937.50","-23,279.00"
Public and publicly guaranteed,"2,744.20","2,964.20","2,321.10","-1,860.80","1,388.00","1,364.90",144.9,"-1,164.40","-1,620.90"
Official creditors,"1,321.30","1,419.70","1,438.30",406.6,248,376.1,335.7,-550.7,"-2,170.40"
Multilateral,"1,644.10","1,403.20","1,122.50",585.7,654.2,1.3,246.9,"-1,576.20","-1,309.90"
Concessional,159.5,23.3,-9.9,-8.9,-23.3,-38.7,11,11.8,77.7
Bilateral,-322.8,16.5,315.7,-179.1,-406.2,374.9,88.8,"1,025.50",-860.5
Concessional,85.8,1.5,25,-92.4,-110.3,-43.2,-65.5,-108.8,-131.6
Private creditors,"1,422.90","1,544.50",882.9,"-2,267.40","1,140.00",988.7,-190.8,-613.7,549.5
Bonds,"2,146.10","2,670.70","2,323.90","-1,141.30",-723.8,"2,078.40",-874.7,482.5,398.7
Commercial banks,-533.5,-926.8,"-1,060.40",-842.2,"1,973.30",-927.9,742.2,"-1,065.90",155.3
Other private,-189.8,-199.4,-380.6,-283.8,-109.5,-161.8,-58.2,-30.3,-4.5
Public sector,"2,594.30","2,960.20","2,356.60","-1,828.00","1,436.30","1,419.30",194.4,"-1,123.60","-1,566.40"
Official creditors,"1,171.40","1,415.70","1,473.70",439.4,296.2,430.5,385.2,-509.9,"-2,115.90"
Multilateral,"1,494.30","1,399.20","1,158.00",618.5,702.5,55.7,296.4,"-1,535.40","-1,255.40"
Concessional,-6.5,-5.5,-4.4,-4.3,-3.2,-3.6,53.6,50.8,132.1
Bilateral,-322.8,16.5,315.7,-179.1,-406.2,374.9,88.8,"1,025.50",-860.5
Concessional,85.8,1.5,25,-92.4,-110.3,-43.2,-65.5,-108.8,-131.6
Private creditors,"1,422.90","1,544.50",882.9,"-2,267.40","1,140.00",988.7,-190.8,-613.7,549.5
Bonds,"2,146.10","2,670.70","2,323.90","-1,141.30",-723.8,"2,078.40",-874.7,482.5,398.7
Commercial banks,-533.5,-926.8,"-1,060.40",-842.2,"1,973.30",-927.9,742.2,"-1,065.90",155.3
Other private,-189.8,-199.4,-380.6,-283.8,-109.5,-161.8,-58.2,-30.3,-4.5
General Government,520.9,512.3,-869.4,"-4,887.40","-1,868.40",167.1,"-2,209.90","2,229.90",-691.2
Official creditors,-6.8,464.4,236.2,-354.7,-437,-611.1,-241.6,"-1,103.80",-571.1
Multilateral,345.8,697.2,246.2,28,8.3,-494,43.8,-870.2,-408.6
Concessional,-6.5,-5.5,-4.4,-4.3,-3.2,-3.6,53.6,50.8,132.1
Bilateral,-352.6,-232.9,-10,-382.7,-445.3,-117.1,-285.3,-233.6,-162.5
Concessional,90,-8.2,5.2,-110.2,-134.6,-106.1,-142.5,-147.3,-143.7
Private creditors,527.7,47.9,"-1,105.60","-4,532.60","-1,431.40",778.2,"-1,968.40","3,333.70",-120.1
Bonds,"1,419.30","1,292.70",662.9,"-3,213.90",-838.4,"1,928.60","-1,099.30","2,617.70",-7.8
Commercial banks,-755.9,"-1,110.70","-1,443.70","-1,083.50",-506.2,"-1,002.20",-822.7,735,-107.8
Other private,-135.7,-134.1,-324.8,-235.2,-86.9,-148.2,-46.4,-19.1,-4.5
Other public sector,"2,376.10","2,672.90","3,335.50","3,118.60","3,302.30","1,138.60","2,383.10","-3,364.30",-857.7
Official creditors,"1,178.20",951.4,"1,237.60",794.1,694.4,927.7,605,582.6,"-1,527.60"
Multilateral,"1,148.50",702,911.8,590.6,655.3,435.7,230.9,-676.4,-829.6
Concessional,..,..,..,..,..,..,..,..,..
Bilateral,29.7,249.4,325.8,203.6,39.1,492,374.1,"1,259.10",-698.1
Concessional,-4.2,9.6,19.9,17.8,24.3,63,77,38.5,12.1
Private creditors,"1,197.80","1,721.50","2,098.00","2,324.40","2,608.00",210.9,"1,778.00","-3,947.00",670
Bonds,726.8,"1,378.00","1,660.90","2,072.60",114.6,149.8,224.5,"-2,135.20",406.5
Commercial banks,525.1,408.9,492.7,300.4,"2,516.10",74.8,"1,565.40","-1,800.60",263.5
Other private,-54.1,-65.3,-55.7,-48.6,-22.7,-13.6,-11.9,-11.2,..
Private sector guaranteed by public sector,149.9,4,-35.5,-32.9,-48.3,-54.4,-49.5,-40.8,-54.4
Official creditors,149.9,4,-35.5,-32.9,-48.3,-54.4,-49.5,-40.8,-54.4
Multilateral,149.9,4,-35.5,-32.9,-48.3,-54.4,-49.5,-40.8,-54.4
Concessional,166,28.8,-5.5,-4.5,-20.1,-35.1,-42.6,-39,-54.4
Bilateral,..,..,..,..,..,..,..,..,..
Concessional,..,..,..,..,..,..,..,..,..
Private creditors,..,..,..,..,..,..,..,..,..
Bonds,..,..,..,..,..,..,..,..,..
Commercial banks,..,..,..,..,..,..,..,..,..
Other private,..,..,..,..,..,..,..,..,..
Private nonguaranteed,"12,686.10","18,645.20","21,165.50","-13,014.20","7,834.90","5,657.90","-11,074.30","-21,773.10","-21,658.20"
Bonds,"6,295.10","5,856.20","5,975.50",-952.4,-193.5,"1,565.80","-3,289.60","-3,818.10","-6,583.00"
Commercial banks and other,"6,391.00","12,789.00","15,190.00","-12,061.70","8,028.40","4,092.10","-7,784.70","-17,954.90","-15,075.10"
Memo:,,,,,,,,,
IBRD,544.7,306.9,-110.4,-370.9,-745.2,74.4,-124.3,-338.4,-225.6
IDA,-6.1,-5.1,-4.6,-3.7,-3.1,-3.1,-3.1,-2.6,-2.6
Debt service,"49,877.00","56,312.30","51,410.00","52,171.90","72,537.20","81,295.00","79,497.70","81,832.50","81,339.90"
Public and publicly guaranteed,"10,453.10","9,628.90","11,747.30","10,928.00","12,936.20","16,213.70","15,698.80","18,390.50","18,012.80"
Official creditors,"2,389.30","2,373.80","2,684.20","2,391.00","3,010.40","3,727.50","3,070.40","3,572.50","5,482.30"
Multilateral,"1,745.20","1,783.40","2,087.10","1,822.30","2,356.60","3,139.10","2,403.70","2,876.50","2,910.70"
Concessional,12.4,12.1,10.5,8.9,23.7,38.7,46.1,42.1,57.5
Bilateral,644.1,590.5,597.1,568.7,653.8,588.4,666.7,696,"2,571.60"
Concessional,146.5,141,149.7,168.2,200.5,189,190.4,185,178.4
Private creditors,"8,063.80","7,255.10","9,063.10","8,537.00","9,925.80","12,486.20","12,628.40","14,817.90","12,530.50"
Bonds,"5,781.10","4,942.60","6,719.80","6,391.10","8,222.10","9,194.30","9,108.70","11,167.00","10,371.00"
Commercial banks,"2,058.90","2,074.60","1,962.80","1,862.10","1,594.10","3,130.00","3,461.40","3,620.60","2,155.00"
Other private,223.8,237.9,380.6,283.8,109.5,161.8,58.2,30.3,4.5
Public sector,"10,431.00","9,597.50","11,711.80","10,895.20","12,888.00","16,159.30","15,649.30","18,349.60","17,958.30"
Official creditors,"2,367.20","2,342.40","2,648.70","2,358.10","2,962.20","3,673.10","3,020.90","3,531.70","5,427.90"
Multilateral,"1,723.10","1,752.00","2,051.70","1,789.50","2,308.30","3,084.70","2,354.20","2,835.70","2,856.30"
Concessional,6.5,5.5,4.9,4.3,3.6,3.6,3.6,3.1,3.1
Bilateral,644.1,590.5,597.1,568.7,653.8,588.4,666.7,696,"2,571.60"
Concessional,146.5,141,149.7,168.2,200.5,189,190.4,185,178.4
Private creditors,"8,063.80","7,255.10","9,063.10","8,537.00","9,925.80","12,486.20","12,628.40","14,817.90","12,530.50"
Bonds,"5,781.10","4,942.60","6,719.80","6,391.10","8,222.10","9,194.30","9,108.70","11,167.00","10,371.00"
Commercial banks,"2,058.90","2,074.60","1,962.80","1,862.10","1,594.10","3,130.00","3,461.40","3,620.60","2,155.00"
Other private,223.8,237.9,380.6,283.8,109.5,161.8,58.2,30.3,4.5
General Government,"9,455.50","8,524.90","10,470.00","9,637.90","9,010.60","11,878.60","11,676.80","11,192.80","11,512.60"
Official creditors,"1,884.50","1,792.80","1,826.50","1,633.30","1,640.60","2,497.90","1,543.70","1,875.80","1,621.30"
Multilateral,"1,271.50","1,238.30","1,288.80","1,131.80","1,079.70","2,024.70","1,065.40","1,444.50","1,181.60"
Concessional,6.5,5.5,4.9,4.3,3.6,3.6,3.6,3.1,3.1
Bilateral,613,554.5,537.7,501.5,560.9,473.1,478.3,431.3,439.8
Concessional,142.1,136.4,147.8,167.2,199.9,188.1,183,177.3,170.5
Private creditors,"7,570.90","6,732.00","8,643.50","8,004.60","7,370.00","9,380.70","10,133.10","9,317.00","9,891.30"
Bonds,"5,738.60","4,820.60","6,571.30","6,193.90","6,340.00","7,736.10","8,833.30","8,531.80","9,277.50"
Commercial banks,"1,662.60","1,738.80","1,747.30","1,575.40",943.2,"1,496.40","1,253.50",766.1,609.3
Other private,169.7,172.6,324.8,235.2,86.9,148.2,46.4,19.1,4.5
Other public sector,673,847.7,"1,132.40","1,198.10","3,839.60","4,278.90","3,967.50","7,149.40","6,428.10"
Official creditors,482.7,549.6,822.3,724.8,"1,320.40","1,173.90","1,472.70","1,648.90","3,789.30"
Multilateral,451.6,513.7,762.9,657.7,"1,227.50","1,058.60","1,284.20","1,384.20","1,657.50"
Concessional,..,..,..,..,..,..,..,..,..
Bilateral,31.1,35.9,59.4,67.1,92.9,115.3,188.5,264.7,"2,131.80"
Concessional,4.5,4.6,1.9,1,0.7,0.9,7.4,7.8,7.9
Private creditors,190.3,298.1,310.1,473.2,"2,519.20","3,105.00","2,494.90","5,500.50","2,638.80"
Bonds,42.5,122,148.4,197.2,"1,882.20","1,458.30",275.5,"2,635.20","1,093.50"
Commercial banks,93.7,110.7,106,227.5,614.4,"1,633.20","2,207.50","2,854.10","1,545.30"
Other private,54.1,65.3,55.7,48.6,22.7,13.6,11.9,11.2,..
Private sector guaranteed by public sector,22.1,31.4,35.5,32.9,48.3,54.4,49.5,40.8,54.4
Official creditors,22.1,31.4,35.5,32.9,48.3,54.4,49.5,40.8,54.4
Multilateral,22.1,31.4,35.5,32.9,48.3,54.4,49.5,40.8,54.4
Concessional,5.9,6.5,5.5,4.5,20.1,35.1,42.6,39,54.4
Bilateral,..,..,..,..,..,..,..,..,..
Concessional,..,..,..,..,..,..,..,..,..
Private creditors,..,..,..,..,..,..,..,..,..
Bonds,..,..,..,..,..,..,..,..,..
Commercial banks,..,..,..,..,..,..,..,..,..
Other private,..,..,..,..,..,..,..,..,..
Private nonguaranteed,"39,423.90","46,683.30","39,662.70","41,243.90","59,601.00","65,081.30","63,798.80","63,442.00","63,327.10"
Bonds,669.9,"2,778.30","2,073.70","3,862.70","3,446.80","5,463.70","6,344.60","6,918.10","8,983.00"
Commercial banks and other,"38,754.00","43,905.00","37,589.00","37,381.20","56,154.20","59,617.60","57,454.20","56,523.90","54,344.10"
Memo:,,,,,,,,,
IBRD,969,946.8,969.8,860.3,"1,283.00","1,266.10",756.7,713.6,760.1
IDA,6.1,5.1,4.6,3.7,3.1,3.1,3.1,2.6,2.6
6. Currency composition of public and publicly guaranteed debt (%),,,,,,,,,
Euro,25.3,27.5,25.5,24.2,24,24.3,24.5,23.3,21.5
Japanese yen,6.9,5.4,5.5,5.5,5.5,5.6,5.5,5.1,4.5
U.S. dollars,66.8,66.1,68,69.4,69.7,69.5,69.6,71.2,73.8
SDR,0,0,0,0,0,0,0,0,0
All other currencies,0.8,0.8,0.8,0.7,0.6,0.5,0.3,0.2,0.1
7. Average terms of new commitments (public and publicly guaranteed),,,,,,,,,
All creditors,,,,,,,,,
Interest (%),4.1,3.1,3.6,2.4,3.5,4.6,4.8,4.9,4.2
Maturity (years),13.1,13.9,14.1,13.4,11.7,12.2,9.1,6.7,7.6
Grace period (years),10.8,8.7,10,8.6,8.2,11,5.6,4.7,5.4
Grant element (%),4.3,13.5,9.7,14.8,6.3,-0.4,-0.1,-0.8,3.4
Official Creditors,,,,,,,,,
Interest (%),2.1,1.5,1.3,1.1,1.3,1.7,3.8,2.1,1.8
Maturity (years),13.9,17.2,19.3,15.4,16.2,11.5,18.6,10.1,10.5
Grace period (years),4.8,3.7,6.4,4.4,4.8,2.3,3.8,2.7,3.4
Grant element (%),20.3,25.6,32.2,28.9,26.2,19.7,10.9,15.4,18.4
Private Creditors,,,,,,,,,
Interest (%),4.7,4,4.6,3.2,4.2,5,5,5.6,5.1
Maturity (years),12.8,12,11.8,12.2,10.2,12.2,6.6,5.8,6.5
Grace period (years),12.6,11.5,11.6,11.3,9.4,12.2,6.1,5.2,6.2
Grant element (%),-0.7,6.7,-0.1,5.8,-0.3,-3.2,-3,-4.8,-2.1
Memorandum Items,,,,,,,,,
Commitments,"12,429.50","12,590.60","14,404.90","10,095.00","14,516.50","15,642.00","15,223.80","18,552.10","17,364.10"
Official creditors,"2,968.30","4,529.20","4,369.60","3,935.80","3,639.40","1,936.10","3,160.80","3,665.20","4,730.00"
Multilateral,"2,843.30","4,176.80","3,327.80","3,028.20","2,975.40","1,536.10","2,583.20","1,715.90","3,372.90"
Bilateral,125,352.4,"1,041.90",907.5,664,400,577.5,"1,949.40","1,357.10"
Private creditors,"9,461.20","8,061.50","10,035.20","6,159.20","10,877.10","13,705.90","12,063.00","14,886.80","12,634.00"
,,,,,,,,,
,,,,,,,,,
Table: Country Tables,,,,,,,,,
Name: Turkey,,,,,,,,,
"International Debt Statistics, 2022, The World Bank",,,,,,,,,
Last Updated Date: 01/14/2022,,,,,,,,,
